"Part";"Value";"Device";"Package";"Description";"MF";"MPN";"OC_FARNELL";"OC_NEWARK";"SPICEMODEL";"SPICEPREFIX";
"C1";"0.33 uF";"CC1206";"C1206";"CAPACITOR, European symbol";"";"";"";"";"NONE";"C";
"C2";"0.1 uF";"CC1206";"C1206";"CAPACITOR, European symbol";"";"";"";"";"NONE";"C";
"C3";"0.1 uF";"CC1206";"C1206";"CAPACITOR, European symbol";"";"";"";"";"NONE";"C";
"C4";"0.33 uF";"CC1206";"C1206";"CAPACITOR, European symbol";"";"";"";"";"NONE";"C";
"C5";"0.1 uF";"CC1206";"C1206";"CAPACITOR, European symbol";"";"";"";"";"NONE";"C";
"C6";"0.1 uF";"CC1206";"C1206";"CAPACITOR, European symbol";"";"";"";"";"NONE";"C";
"C7";"0.33 uF";"CC1206";"C1206";"CAPACITOR, European symbol";"";"";"";"";"NONE";"C";
"D1";"";"BYS10";"SOD106A";"DIODE";"";"BYS10/45";"9549188";"96K7236";"";"";
"IC2";"ERA-1";"ERA-1";"VV";"MONOLITHIC AMPLIFIERS 50 Ohm BROADBAND DC to 8 GHz";"";"";"";"";"";"";
"IC3";"7818T";"7818T";"TO220H";"Positive VOLTAGE REGULATOR";"";"";"";"";"";"";
"L1";"33uH";"INDUCTOR1210";"1210";"Inductors";"";"";"";"";"";"";
"P1";"39-30-02?";"39-30-02?";"39-30-?02?";"HEADER";"";"";"";"";"";"";
"P2";"39-30-04?";"39-30-04?";"39-30-?04?";"HEADER";"";"";"";"";"";"";
"R1";"1k";"R-US_M1406";"M1406";"RESISTOR, American symbol";"";"";"";"";"";"";
"R2";"1k";"R-US_M1406";"M1406";"RESISTOR, American symbol";"";"";"";"";"";"";
"R3";"4.7k";"R-US_M1406";"M1406";"RESISTOR, American symbol";"";"";"";"";"";"";
"R4";"0";"R-US_R1206";"R1206";"RESISTOR, American symbol";"";"";"";"";"";"";
"R5";"350 Ohm";"R-US_M1206";"M1206";"RESISTOR, American symbol";"";"";"";"";"";"";
"R6";"0";"R-US_R1206";"R1206";"RESISTOR, American symbol";"";"";"";"";"";"";
"R7";"0";"R-US_R1206";"R1206";"RESISTOR, American symbol";"";"";"";"";"";"";
"R8";"0";"R-US_R1206";"R1206";"RESISTOR, American symbol";"";"";"";"";"";"";
"T1";"2N3904";"2N3904";"TO92";"NPN TRANSISTOR";"";"";"";"";"";"";
"T2";"TIP32A";"TIP32A";"TO220";"PNP Transistor  Medium Power Linear Switching Applications";"";"";"";"";"";"";
"U$1";"BNC";"BNC";"BNC";"";"";"";"";"";"";"";
"U$2";"BNC";"BNC";"BNC";"";"";"";"";"";"";"";
"U1";"MHW592";"MHW592";"MHW592";"MOTOROLA MHW592";"";"";"";"";"";"";
